{"Collections":[{"sheetName":"Sheet1","startColumn":"A","endColumn":"D","startRow":"2","endRow":"+","comment":"","rule":"Individual: @C*\n  Types: MovieTitle\n  Facts: hasAll @A*\n  Facts: isOfYear @D*","active":true},{"sheetName":"Sheet1","startColumn":"A","endColumn":"D","startRow":"2","endRow":"+","comment":"","rule":"Individual: @B*\n  Types: YearID\n  Facts: hasAll @C*\n  Facts: isOfYear @D*","active":true},{"sheetName":"Sheet1","startColumn":"A","endColumn":"D","startRow":"2","endRow":"+","comment":"","rule":"Individual: @A*\n  Types: MovieID\n  Facts: hasAll @C*\n  Facts: isOfYear @B*","active":true},{"sheetName":"Sheet1","startColumn":"A","endColumn":"D","startRow":"2","endRow":"+","comment":"","rule":"Individual: @D*\n  Types: YearDetail\n  Facts: isOfYear @B*\n  Facts: hasAll @A*","active":true}]}