{"Collections":[{"sheetName":"Sheet1","startColumn":"A","endColumn":"D","startRow":"2","endRow":"+","comment":"","rule":"Individual: @B*\n  Types: RatingID\n  Facts: isRatingOf @C*\n  Facts: hasRatings @D*","active":true},{"sheetName":"Sheet1","startColumn":"A","endColumn":"D","startRow":"2","endRow":"+","comment":"","rule":"Individual: @D*\n  Types: ContentRating\n  Facts: hasRatings @B*\n  Facts: isRatingOf @A*","active":true},{"sheetName":"Sheet1","startColumn":"A","endColumn":"D","startRow":"2","endRow":"+","comment":"","rule":"Individual: @C*\n  Types: MovieTitle\n  Facts: isRatingOf @A*\n  Facts: hasRatings @D*","active":true},{"sheetName":"Sheet1","startColumn":"A","endColumn":"D","startRow":"2","endRow":"+","comment":"","rule":"Individual: @A*\n  Types: MovieID\n  Facts: isRatingOf @C*\n  Facts: hasRatings @B*","active":true}]}