{"Collections":[{"sheetName":"Sheet1","startColumn":"A","endColumn":"D","startRow":"2","endRow":"+","comment":"","rule":"Individual: @A*\n  Types: MovieID\n  Facts: hasIMDBlink @B*\n  Facts: isIMDBlinkOf @C*","active":true},{"sheetName":"Sheet1","startColumn":"A","endColumn":"D","startRow":"2","endRow":"+","comment":"","rule":"Individual: @C*\n  Types: MovieTitle\n  Facts: hasIMDBlink @D*\n  Facts: isIMDBlinkOf @A*","active":true},{"sheetName":"Sheet1","startColumn":"A","endColumn":"D","startRow":"2","endRow":"+","comment":"","rule":"Individual: @B*\n  Types: IMDBID\n  Facts: hasIMDBlink @D*\n  Facts: isIMDBlinkOf @C*","active":true},{"sheetName":"Sheet1","startColumn":"A","endColumn":"D","startRow":"2","endRow":"+","comment":"","rule":"Individual: @D*\n  Types: IMDBlink\n  Facts: isIMDBlinkOf @A*\n  Facts: hasIMDBlink @B*","active":true}]}