{"Collections":[{"sheetName":"Sheet1","startColumn":"A","endColumn":"D","startRow":"2","endRow":"+","comment":"","rule":"Individual: @D*\n  Types: Actors1Names\n  Facts: hasMovies @A*\n  Facts: hasActor1 @B*","active":true},{"sheetName":"Sheet1","startColumn":"A","endColumn":"D","startRow":"2","endRow":"+","comment":"","rule":"Individual: @A*\n  Types: MovieID\n  Facts: hasActor1 @B*\n  Facts: hasMovies @C*","active":true},{"sheetName":"Sheet1","startColumn":"A","endColumn":"D","startRow":"2","endRow":"+","comment":"","rule":"Individual: @B*\n  Types: Actors1ID\n  Facts: hasActor1 @D*\n  Facts: hasMovies @C*","active":true},{"sheetName":"Sheet1","startColumn":"A","endColumn":"D","startRow":"2","endRow":"+","comment":"","rule":"Individual: @C*\n  Types: MovieTitle\n  Facts: hasActor1 @D*\n  Facts: hasMovies @A*","active":true}]}