{"Collections":[{"sheetName":"Sheet1","startColumn":"A","endColumn":"D","startRow":"2","endRow":"+","comment":"","rule":"Individual: @B*\n  Types: GenreID\n  Facts: hasGenre @D*\n  Facts: isLinkedToMovie @C*","active":true},{"sheetName":"Sheet1","startColumn":"A","endColumn":"D","startRow":"2","endRow":"+","comment":"","rule":"Individual: @D*\n  Types: GenreDetail\n  Facts: isLinkedToMovie @A*\n  Facts: hasGenre @B*","active":true},{"sheetName":"Sheet1","startColumn":"A","endColumn":"D","startRow":"2","endRow":"+","comment":"","rule":"Individual: @A*\n  Types: MovieID\n  Facts: hasGenre @B*\n  Facts: isLinkedToMovie @C*","active":true},{"sheetName":"Sheet1","startColumn":"A","endColumn":"D","startRow":"2","endRow":"+","comment":"","rule":"Individual: @C*\n  Types: MovieTitle\n  Facts: hasGenre @D*\n  Facts: isLinkedToMovie @A*","active":true}]}